"Time","Rsqu","Forecast"
"2020-03-17 12:03:06",0.982884122044016,1.07018757247539
"2020-03-17 12:08:07",0.982047155392541,1.25116380710137
"2020-03-17 12:13:06",0.982740723198388,1.19598315188221
"2020-03-17 12:18:04",0.980120665358642,1.33990484831007
"2020-03-17 12:23:15",0.97821419785097,1.61121237329563
"2020-03-17 12:28:05",0.981255088106046,1.70690579479079
"2020-03-17 12:33:03",0.982559291404035,1.84648496197757
"2020-03-17 12:38:05",0.981464621957622,1.72221333315404
"2020-03-17 12:43:03",0.983086261905015,1.77228255852058
"2020-03-17 12:48:02",0.980330873056101,2.34751630803628
"2020-03-17 12:53:18",0.980479099528247,2.23091484527625
"2020-03-17 12:58:14",0.981850534628182,2.54965132857415
"2020-03-17 13:03:03",0.985368242816023,2.50388215281388
"2020-03-17 13:08:02",0.985154755230169,2.95305876329266
"2020-03-17 13:13:04",0.988541530079423,2.99501270519345
"2020-03-17 13:18:02",0.987444722113534,3.0129250528297
"2020-03-17 13:23:13",0.984055949189729,3.34044427460582
"2020-03-17 13:28:11",0.989670809248665,3.25223714590615
"2020-03-17 13:33:07",0.988237358914802,3.50880263261847
"2020-03-17 13:38:08",0.987759706099195,3.69735561536118
"2020-03-17 13:43:04",0.987505769448371,3.30029757449071
"2020-03-17 13:48:02",0.987967705030051,3.9408632365893
"2020-03-17 13:53:07",0.989016585758635,3.98099482353832
"2020-03-17 13:58:12",0.987406059075078,4.18654319270328
"2020-03-17 14:03:16",0.987529311208012,3.84303455354195
"2020-03-17 14:08:06",0.984123520811165,3.77503480608445
"2020-03-17 17:56:21",0.991255016176695,4.13471685016227
"2020-03-17 18:38:15",0.977321730540736,3.79898699218237
"2020-03-17 18:43:35",0.97637198369415,3.63568730281828
"2020-03-17 18:49:22",0.976153672078381,3.13779219539423
"2020-03-17 18:55:20",0.976821001160525,3.33996893021808
"2020-03-17 19:01:28",0.975814915782651,3.45798200078667
"2020-03-17 19:03:55",0.975372060830292,3.52826544992154
"2020-03-17 19:09:24",0.975647739320463,3.71468023771638
"2020-03-17 19:14:59",0.975901653451809,3.51118336634284
"2020-03-17 19:20:46",0.976620792625039,3.62156409238516
"2020-03-17 19:26:02",0.975332034202382,3.56242831859738
"2020-03-17 19:31:19",0.977927003436456,3.66411016602097
"2020-03-17 19:36:51",0.976984306511319,3.89570450764616
"2020-03-17 19:42:13",0.975782037442286,3.87829891362977
"2020-03-17 19:48:15",0.979504412283587,3.75203124065712
"2020-03-17 19:53:08",0.979086277655025,3.95842291131866
"2020-03-17 19:58:43",0.979003442100591,3.61952789376314
"2020-03-17 20:04:02",0.979019802792052,3.96128488585035
"2020-03-17 20:09:28",0.980430668031422,4.03290247784118
"2020-03-17 20:15:06",0.977992968219398,3.7050107617295
"2020-03-17 20:20:25",0.980730784851847,3.75854685006572
"2020-03-17 20:25:45",0.981164096233876,3.63528071438833
"2020-03-17 20:31:47",0.978900824739354,3.53406342332865
"2020-03-17 20:37:15",0.980252679467688,3.49666898895348
"2020-03-17 20:42:59",0.980970824485896,3.6454977038515
"2020-03-17 20:48:31",0.982003720982788,3.41336381709237
"2020-03-17 20:53:54",0.981208250398117,3.44993349736256
"2020-03-17 20:59:16",0.982405876284122,3.60858081685446
"2020-03-18 14:38:22",0.977592622115996,1.95696437346926
"2020-03-18 14:44:03",0.979440600512735,1.932567803091
"2020-03-18 14:49:34",0.978655504500959,2.16270779276344
"2020-03-18 14:54:51",0.979242832087523,2.08475989764213
"2020-03-18 15:00:14",0.979024469033306,2.02131887324623
"2020-03-18 15:06:19",0.977982783146626,1.94780054416287
"2020-03-18 15:12:11",0.978285687223291,1.8001218278797
"2020-03-18 15:18:19",0.977808642831729,1.92810395791627
"2020-03-18 15:24:02",0.977857073959169,2.02378030925669
"2020-03-18 15:29:32",0.978336334676296,1.79700683063966
"2020-03-18 15:35:16",0.976560484357557,1.91940260758086
"2020-03-18 15:41:02",0.975405437883238,1.86105343163772
"2020-03-18 15:46:49",0.975878744233267,1.75778201925514
"2020-03-18 15:52:35",0.974915799097984,2.00609083844628
"2020-03-18 15:58:26",0.975015559764975,1.70380066118076
"2020-03-18 16:03:46",0.976743544848656,1.53734082453896
"2020-03-18 16:09:26",0.977066700017466,1.69923981694501
"2020-03-18 16:14:55",0.976535495251711,1.91334185244004
"2020-03-18 16:20:33",0.975434878120481,1.80826858928767
"2020-03-18 16:25:58",0.97626317847815,2.05637269576556
"2020-03-18 16:31:21",0.978566012528977,1.54517615141482
"2020-03-18 16:36:44",0.979775979002577,1.81732098906814
"2020-03-22 14:20:06",0.978971092262912,1.2062789602197
"2020-03-22 14:41:55",0.977311761399962,1.60868878818048
"2020-03-22 15:17:28",0.977897227151637,1.95414920984965
"2020-03-22 15:20:15",0.978861823370943,1.81352061704353
"2020-03-22 15:31:52",0.97632521930216,1.64450427129012
"2020-03-23 12:54:19",0.985926086735408,0.525659475660665
"2020-03-23 12:54:19",0.985742770364363,0.487686437711066
"2020-03-23 12:54:19",0.985974734022012,0.482849030042006
"2020-03-23 16:43:00",0.971672255332227,0.24678647547753
"2020-03-23 16:51:54",0.971753327983124,0.292651317786421
"2020-03-23 16:51:54",0.969692798067429,0.225511570748995
"2020-03-23 16:51:54",0.96780588423178,0.285186274097991
"2020-03-23 16:51:54",0.970528755727743,0.275168021789629
"2020-03-27 09:34:31",0.864798565936161,0.519554730587551
"2020-03-27 09:40:03",0.865232543069229,0.774695986756948
"2020-03-27 09:50:03",0.868099065209937,0.359776305760641
"2020-03-27 10:01:31",0.854490374214426,0.509465090740887
"2020-03-27 10:10:03",0.86885442889729,0.280252907235914
"2020-03-27 10:17:36",0.856221924973234,0.161619655176134
"2020-03-27 10:22:55",0.856059033395185,0.201044696235585
"2020-03-27 10:45:46",0.868139307967606,0.518336679874923
"2020-03-27 10:45:46",0.866071345696106,0.488700858170843
"2020-03-27 10:45:46",0.862753022710783,0.512449299317435
"2020-03-27 10:45:46",0.866618634106739,0.598537668067859
"2020-03-27 10:45:46",0.869990231121712,0.178956841405247
"2020-03-27 10:45:46",0.867204214985831,0.555082650044689
"2020-03-27 12:13:36",0.860352463685685,1.21515841128008
"2020-03-27 12:20:20",0.855490879616566,1.5187325954251
"2020-03-27 12:30:02",0.870496583434929,1.80962181759055
"2020-03-27 12:40:11",0.862692006076033,1.95780381009862
"2020-03-27 12:50:02",0.864251999983507,2.02303039910141
"2020-03-27 13:00:02",0.865003394952465,1.92359401682045
"2020-03-27 13:10:29",0.866897544256815,1.89078089641812
"2020-03-27 13:20:21",0.865177351732224,2.10280816063323
"2020-03-27 13:30:18",0.865420071324562,2.47978107180407
"2020-03-27 14:22:28",0.863417898150556,3.63444935379489
"2020-03-27 14:38:04",0.872370941673409,4.27100456993894
"2020-03-27 14:46:50",0.868058697103294,3.78494199209554
"2020-03-27 15:05:54",0.868058697103294,4.07790720952535
"2020-03-27 15:12:02",0.857767692199161,4.2133014464231
"2020-03-27 15:46:03",0.85861228886214,3.98568349252757
"2020-03-27 15:50:10",0.86465602738322,4.14292140715844
"2020-03-27 15:55:10",0.86496953406965,3.91523651168074
"2020-03-27 16:00:10",0.863514981466055,3.77044801792117
"2020-03-27 16:05:12",0.86188605227189,4.07872301433532
"2020-03-27 16:10:10",0.864440048382275,3.86129116210874
"2020-03-27 16:15:12",0.864515429972737,3.54096016421246
"2020-03-27 16:20:10",0.865726827523358,3.69750836966692
"2020-03-27 16:25:12",0.868611065588589,3.69156204485743
"2020-03-27 16:30:10",0.868325949062706,3.97045810059215
"2020-03-27 16:35:11",0.870639037801698,4.17062281987955
"2020-03-27 16:40:09",0.869685156646386,3.83531805889376
"2020-03-27 16:45:10",0.867763779187801,3.76613439928302
"2020-03-27 16:50:11",0.868116551862666,4.12789778744233
"2020-03-27 16:55:09",0.873306566563291,3.65632152072778
"2020-03-27 17:00:11",0.873390562615519,3.61193880644754
"2020-03-27 17:05:10",0.867182774207171,3.519953063398
"2020-03-27 17:10:11",0.861766852375752,4.15339529742425
"2020-03-27 17:15:09",0.877323312434497,3.41872126082926
"2020-03-27 17:20:11",0.878121409901529,3.51587925704089
"2020-03-27 17:25:10",0.877998131480419,3.68358170703383
"2020-03-27 17:30:09",0.875994563029007,3.52319939152032
"2020-03-27 17:35:10",0.880064956012755,3.63467692234207
"2020-03-27 17:40:10",0.875468251919643,3.53115110852965
"2020-03-27 17:45:10",0.876707477598301,3.72337841634025
"2020-03-27 17:50:09",0.879114072951565,3.6092211471455
"2020-03-27 17:55:10",0.879579230374979,3.13241591485885
"2020-03-27 18:00:10",0.878825215799383,3.32840260164204
"2020-03-27 18:05:10",0.877345552073603,3.41299799558344
"2020-03-27 18:10:09",0.88189904690342,2.98916168728563
"2020-03-27 18:15:10",0.878617386159611,3.24308117255273
"2020-03-27 18:20:09",0.882657383586272,3.16201525637087
"2020-03-27 18:25:09",0.877718319563673,3.29706866240531
"2020-03-27 18:30:09",0.881470404282792,3.21320803394868
"2020-03-27 18:35:09",0.879377883258023,3.10465258952336
"2020-03-27 18:40:09",0.881338193121706,3.14087696469822
"2020-03-27 18:45:09",0.882679471074764,3.19696405573871
"2020-03-27 18:50:09",0.879542445279914,3.17256531033266
"2020-03-27 18:55:11",0.880315600535415,3.11391333760516
"2020-03-27 19:00:12",0.879893926069155,3.02721344426347
"2020-03-27 19:05:11",0.879708833761511,3.13570349546774
"2020-03-27 19:10:09",0.879675726131818,3.20522613469896
"2020-03-27 19:15:10",0.883078381557422,3.23090865515453
"2020-03-27 19:20:09",0.880983352350267,3.0223568516489
"2020-03-27 19:25:09",0.883929189855642,2.98366227011575
"2020-03-27 19:30:10",0.8817984401175,2.75250681611034
"2020-03-27 19:35:10",0.87439694688022,2.65026118538687
"2020-03-27 19:40:10",0.883300662297763,2.80318199565911
"2020-03-27 19:45:11",0.884243807693631,2.64545376970555
"2020-03-27 19:50:10",0.881132427093154,2.75225094083461
"2020-03-27 19:55:09",0.882795130783179,2.61680492829457
"2020-03-27 20:00:10",0.880490681548549,2.7524264643224
"2020-03-27 20:05:09",0.881784977376241,2.6264066879663
"2020-03-27 20:10:09",0.878145948677368,2.53157705380716
"2020-03-27 20:15:09",0.8826898441643,2.69976770326297
"2020-03-27 20:20:10",0.879840804546328,2.53912321382364
"2020-03-27 20:25:12",0.879139572401646,2.5060833064229
"2020-03-27 20:30:10",0.882681695730199,2.54414973012827
"2020-03-27 20:35:09",0.879627965750128,2.38840189397571
"2020-03-27 20:40:10",0.878748755712019,2.24060612812112
"2020-03-27 20:45:09",0.879837653726038,2.35411384594691
"2020-03-27 20:50:09",0.877481197665678,2.31852245030181
"2020-03-27 20:55:10",0.881261224564251,2.49082905364158
"2020-03-27 21:00:09",0.878680083143513,2.58256983346569
"2020-03-27 21:05:09",0.88087012325406,2.24378172580176
"2020-03-27 21:10:09",0.882461304013273,2.2487980005225
"2020-03-27 21:15:09",0.879573654371388,1.98857733784634
"2020-03-27 21:20:09",0.881876251054422,2.28792743526728
"2020-03-27 21:25:10",0.879620757253094,2.23085195725446
"2020-03-27 21:30:11",0.87776116232064,1.95449493490588
"2020-03-27 21:35:12",0.877140800710999,1.95030205076266
"2020-03-27 21:40:09",0.880383129043797,1.88235131730984
"2020-03-27 21:45:09",0.879894332253014,1.81506727675981
"2020-03-27 21:50:10",0.877888867911252,1.76636478712028
"2020-03-27 21:55:10",0.881340660121903,1.80108381399699
"2020-03-27 22:00:11",0.877130182315699,1.6501619518314
"2020-03-27 22:05:10",0.88179619756313,1.72432084517136
"2020-03-27 22:10:10",0.881909945593929,1.65419507697232
"2020-03-27 22:15:10",0.879000729939539,1.57677710292204
"2020-03-27 22:20:10",0.88001949401719,1.53693592957951
"2020-03-27 22:25:10",0.881022711560533,1.49451702775836
"2020-03-27 22:30:10",0.880707371701605,1.58338214020687
"2020-03-27 22:35:10",0.884855744241784,1.4617934037248
"2020-03-27 22:40:09",0.880585998817897,1.32790550130356
"2020-03-27 22:45:10",0.880363440278055,1.38753682838799
"2020-03-27 22:50:09",0.881569813890754,1.24257643565518
"2020-03-27 22:55:10",0.880470665987181,1.24474171442519
"2020-03-27 23:00:09",0.883433912337412,1.23012804002221
"2020-03-27 23:05:10",0.88246575848146,1.34206926155351
"2020-03-27 23:10:10",0.877172713040422,1.14934323664795
"2020-03-27 23:15:09",0.880869661888378,1.24847332373387
"2020-03-27 23:20:09",0.880374915034333,1.19607719448069
"2020-03-27 23:25:10",0.876271335398897,1.12285805395978
"2020-03-27 23:30:09",0.881508705757579,1.20997751462866
"2020-03-27 23:35:09",0.879258205957081,1.15798734809419
"2020-03-27 23:40:10",0.876605482839969,0.899942463739729
"2020-03-27 23:45:11",0.884790302435044,1.02145641295962
"2020-03-27 23:50:09",0.880059011432308,0.997265560394906
"2020-03-27 23:55:11",0.880116897123822,0.825638817797184
"2020-03-27 23:56:56",0.881429517017637,0.82775362985393
"2020-03-28 00:00:11",0.864326163676466,0
"2020-03-28 00:05:11",0.862837451234349,0.68083060219662
"2020-03-28 00:10:10",0.861639373545546,0.619710374513427
"2020-03-28 00:15:09",0.864449434024556,0.706378554202698
"2020-03-28 00:20:10",0.865227405859322,0.537967841776162
"2020-03-28 00:25:11",0.863238426698462,0.600501704422208
"2020-03-28 00:30:10",0.865347730634705,0.666338178137386
"2020-03-28 00:35:11",0.868145750479168,0.685196364091116
"2020-03-28 00:40:10",0.86382971409142,0.725086957193486
"2020-03-28 00:45:09",0.866802157592311,0.748190088031577
"2020-03-28 00:50:10",0.862984375845107,0.756987076560745
"2020-03-28 00:55:12",0.861172189369177,0.71095982032347
"2020-03-28 01:00:10",0.861722646226491,0.575714881625057
"2020-03-28 01:05:09",0.859823002073105,0.426347903635561
"2020-03-28 01:10:10",0.857768718888854,0.507399781133076
"2020-03-28 01:15:09",0.85648313794548,0.334703862757432
"2020-03-28 01:20:10",0.863942915130896,0.438542085698504
"2020-03-28 01:25:09",0.858040152525698,0.335049354388822
"2020-03-28 01:30:11",0.856097991070168,0.419611392766528
"2020-03-28 01:35:10",0.857861972919082,0.493677015481838
"2020-03-28 01:40:11",0.860192649266124,0.313115393515707
"2020-03-28 01:45:10",0.857127873846081,0.416920381577767
"2020-03-28 01:50:09",0.849493414920574,0.436506594048121
"2020-03-28 01:55:11",0.856568250452008,0.482055569731151
"2020-03-28 02:00:11",0.860344482815058,0.577741414672187
"2020-03-28 02:05:10",0.86234667522706,0.595193459405916
"2020-03-28 02:10:10",0.840153161742921,0.396641804185329
"2020-03-28 02:15:10",0.851806542789361,0.37156312578965
"2020-03-28 02:20:11",0.853755335450112,0.483559505001284
"2020-03-28 02:25:10",0.843742764767164,0.396912884393604
"2020-03-28 02:30:11",0.852115641195111,0.436516401320703
"2020-03-28 02:35:10",0.848615954890938,0.508811836876724
"2020-03-28 02:40:11",0.85117817265983,0.423473122136478
"2020-03-28 02:45:10",0.858289336855728,0.444937160418811
"2020-03-28 02:50:10",0.852913072030842,0.352835370190863
"2020-03-28 02:55:10",0.852548621456179,0.055840521143776
"2020-03-28 03:00:12",0.850713809719277,0.333326675626099
"2020-03-28 03:05:10",0.853561029785468,0.410383722986308
"2020-03-28 03:10:12",0.84919063280821,0.175605621438809
"2020-03-28 03:15:10",0.850841758409325,0.355877504003435
"2020-03-28 03:20:10",0.849610900088031,0.403750113076644
"2020-03-28 03:25:10",0.850493321433069,0.122277921563391
"2020-03-28 03:30:12",0.842152799167145,0.27065249690314
"2020-03-28 03:35:11",0.842246232457589,0.421062270936578
"2020-03-28 03:40:12",0.838931154137033,0.515607736330727
"2020-03-28 03:45:11",0.84888780400651,0.281613755433658
"2020-03-28 03:50:12",0.830036758723828,0.00937926785253707
"2020-03-28 03:55:11",0.840952438408575,0.141711096872476
"2020-03-28 04:00:12",0.83555320276236,0.0995608242370922
"2020-03-28 04:05:11",0.826434699652519,0.0762059028088571
"2020-03-28 04:10:10",0.836198362849855,0.0793612290600687
"2020-03-28 04:15:11",0.832675765369198,0.24212930995221
"2020-03-28 04:20:10",0.832263481233156,0.229806309272235
"2020-03-28 04:25:11",0.810461114646146,0.0529900784123727
"2020-03-28 04:30:10",0.82999255428168,0.182774076625432
"2020-03-28 04:35:11",0.830599548075917,0.261265943733168
"2020-03-28 04:40:11",0.821434055135703,0.122123299689757
"2020-03-28 04:45:12",0.826417657050488,0.16390567171698
"2020-03-28 04:50:13",0.832752148816043,0.132832320212573
"2020-03-28 04:55:11",0.832869373744203,0.241468317001266
"2020-03-28 05:00:13",0.832919932081481,0.193521909571585
"2020-03-28 05:05:11",0.84324985732136,0
"2020-03-28 05:10:13",0.815227447043188,0.151728225882614
"2020-03-28 05:15:12",0.838279278007477,0
"2020-03-28 05:20:13",0.828765074053138,0.129471560678442
"2020-03-28 05:25:13",0.840035024503844,0.114306772338581
"2020-03-28 05:30:11",0.831398118855763,0.133073780837007
"2020-03-28 05:35:15",0.831565105780722,0.117110474701568
"2020-03-28 05:40:14",0.844746600732117,0.136897343090904
"2020-03-28 05:45:12",0.849160873887539,0.165034153718945
"2020-03-28 05:50:10",0.83319168803656,0.0911747076795046
"2020-03-28 05:55:12",0.849067340268914,0
"2020-03-28 06:00:11",0.85580110992392,0.0373304592217412
"2020-03-28 06:05:12",0.844582662483284,0.139020811467849
"2020-03-28 06:10:11",0.849849326509552,0
"2020-03-28 06:15:12",0.851137383364653,0
"2020-03-28 06:20:11",0.856014032488438,0
"2020-03-28 06:25:10",0.847653199773587,0
"2020-03-28 06:30:11",0.855224954907611,0.129901173340186
"2020-03-28 06:35:12",0.857108555446837,0.0685777663557805
"2020-03-28 06:40:11",0.835698939710458,0.1157688112801
"2020-03-28 06:45:13",0.845601263514978,0
"2020-03-28 06:50:11",0.849381074410669,0
"2020-03-28 06:55:13",0.854553379041226,0.149520167764521
"2020-03-28 07:00:11",0.854809119562206,0
"2020-03-28 07:05:13",0.848137603190812,0
"2020-03-28 07:10:11",0.83709534235975,0
"2020-03-28 07:15:10",0.84211802097205,0
"2020-03-28 07:20:11",0.838672207719927,0
"2020-03-28 07:25:10",0.84414534837946,0
"2020-03-28 07:30:12",0.848046715829891,0
"2020-03-28 07:35:10",0.830263271154087,0
"2020-03-28 07:40:10",0.836694434234471,0.075988620406606
"2020-03-28 07:45:10",0.840600813884821,0
"2020-03-28 07:50:10",0.831794358165348,0
"2020-03-28 07:55:10",0.835785109310936,0
"2020-03-28 08:00:11",0.815204946760024,0
"2020-03-28 08:05:10",0.835744683720017,0
"2020-03-28 08:10:10",0.838770462801579,0
"2020-03-28 08:15:11",0.843151287243613,0
"2020-03-28 08:20:12",0.833264753443378,0
"2020-03-28 08:25:11",0.841993738044894,0
"2020-03-28 08:30:15",0.839910162920936,0
"2020-03-28 08:35:11",0.837260972755532,0
"2020-03-28 08:40:12",0.823273589031432,0
"2020-03-28 08:45:11",0.840629817962132,0.104489656972323
"2020-03-28 08:50:12",0.836042930860462,0.159102052596809
"2020-03-28 08:55:11",0.836892971324571,0
"2020-03-28 09:00:12",0.835604981685951,0
"2020-03-28 09:05:11",0.831081269333568,0
"2020-03-28 09:10:13",0.83252010641886,0
"2020-03-28 09:15:11",0.817975305081086,0.0905523090243958
"2020-03-28 09:20:13",0.831762179225604,0
"2020-03-28 09:25:11",0.820185092214344,0.09310300520773
"2020-03-28 09:30:12",0.812590388146429,0
"2020-03-28 09:35:11",0.837220605893616,0
"2020-03-28 09:40:13",0.814985669975656,0
"2020-03-28 09:45:12",0.817686627943809,0
"2020-03-28 09:50:10",0.822067152048504,0
"2020-03-28 09:55:12",0.811252606212287,0
"2020-03-28 10:00:10",0.824385353041172,0
"2020-03-28 10:05:11",0.823142964481302,0
"2020-03-28 10:10:10",0.82894426609806,0
"2020-03-28 10:15:12",0.834931589030131,0.0150331256632144
"2020-03-28 10:20:10",0.808965534114962,0
"2020-03-28 10:25:11",0.814770999930415,0
"2020-03-28 10:30:11",0.800110329245196,0.012578015187694
"2020-03-28 10:35:12",0.825051957937423,0
"2020-03-28 10:40:11",0.833455288002609,0
"2020-03-28 10:45:10",0.828086570488626,0.411063346334905
"2020-03-28 10:50:11",0.820652123993757,0
"2020-03-28 10:55:11",0.824818946640122,0.00499782903697166
"2020-03-28 11:00:11",0.831021659033785,0.139092380896245
"2020-03-28 11:05:11",0.844082644616117,0.286623320541938
"2020-03-28 11:10:11",0.852525420108568,0.321722057057429
"2020-03-28 11:15:10",0.835110757962482,0.0329245209501001
"2020-03-28 11:20:11",0.845421411946877,0.691572346717824
"2020-03-28 11:25:10",0.863212143705898,0.611350142146019
"2020-03-28 11:30:10",0.857407402082941,0.634509088086368
"2020-03-28 11:35:10",0.863419403090733,0.927325031302817
"2020-03-28 11:40:11",0.86104245841616,0.748013352474996
"2020-03-28 11:45:10",0.864985273102942,0.857903027518251
"2020-03-28 11:50:09",0.864945071428836,0.931629394436718
"2020-03-28 11:55:10",0.860473612917043,1.08458222548649
"2020-03-28 12:00:10",0.864957005533605,0.785613488127512
"2020-03-28 12:05:10",0.865266426404164,1.10415645071602
"2020-03-28 12:10:10",0.859558427804468,1.200555329495
"2020-03-28 12:15:10",0.860777791360772,1.12690012628867
"2020-03-28 12:20:11",0.857883263284667,1.07530819028241
"2020-03-28 12:25:11",0.86488217361364,1.29830712320679
"2020-03-28 12:30:11",0.864125323664155,1.47877128351264
"2020-03-28 12:35:10",0.865113591700607,1.53908602206667
"2020-03-28 12:40:12",0.861419407221853,1.51868613554875
"2020-03-28 12:45:11",0.866620267473427,1.555345935037
"2020-03-28 12:50:10",0.862183738167134,1.58278765074073
"2020-03-28 12:55:11",0.867965499335613,1.56417896077631
"2020-03-28 13:00:11",0.860442916784961,2.11558413399177
"2020-03-28 13:05:11",0.865578393420895,2.07388543133667
"2020-03-28 13:10:10",0.866118968626382,2.10484567958743
"2020-03-28 13:15:09",0.861899210897871,2.3170760873452
"2020-03-28 13:20:10",0.865857695773358,2.663097330295
"2020-03-28 13:25:11",0.868692178458235,2.52388417223532
"2020-03-28 13:28:10",0.831458274088885,14.6039280522628
"2020-03-28 13:31:10",0.798505498159979,0
"2020-03-28 13:34:09",0.802775309986525,0
"2020-03-28 13:37:10",0.797683215366438,3.07183945976833
"2020-03-28 13:40:09",0.805122694046672,3.11242600478496
"2020-03-28 13:43:09",0.795162623200719,3.418844077635
"2020-03-28 13:46:12",0.801880343079139,3.24923884505419
"2020-03-28 13:49:09",0.798364560720921,3.87453390363125
"2020-03-28 13:52:09",0.802940007789174,3.85625988433921
"2020-03-28 13:55:10",0.804294363772568,3.7386300623256
"2020-03-28 13:58:09",0.79959127762048,3.75654199243211
"2020-03-28 14:01:09",0.780964683444306,4.13848734302169
"2020-03-28 14:04:09",0.795982716259038,3.98018162502653
"2020-03-28 14:07:10",0.790205221520359,4.74919115039792
"2020-03-28 14:10:10",0.79520084877617,3.98411455591116
"2020-03-28 14:13:11",0.792959785030639,4.36436809213164
"2020-03-28 14:16:10",0.781337658899351,4.32363176927994
"2020-03-28 14:19:10",0.796002154748887,4.94043426085926
"2020-03-28 14:22:09",0.766072421688307,4.79059508214326
"2020-03-28 14:25:09",0.784573783997946,4.70416446763931
"2020-03-28 14:28:10",0.769398369811864,4.81773549417747
"2020-03-28 14:31:10",0.743613116337995,4.29778465152814
"2020-03-28 14:34:09",0.777495705086097,4.61919479360776
"2020-03-28 14:37:09",0.762567051643068,4.56622163031864
"2020-03-28 14:40:10",0.775913169206136,4.88120381498824
"2020-03-28 14:43:10",0.765198399985744,4.96110825192333
"2020-03-28 14:46:09",0.776262056136054,4.72325138004967
"2020-03-28 14:49:10",0.774394188686235,5.25722580388264
"2020-03-28 14:52:11",0.737662948087059,5.23450731587713
"2020-03-28 14:55:10",0.779045802243424,5.42055067479952
"2020-03-28 14:58:10",0.774785209439653,4.81647703428048
"2020-03-28 15:01:09",0.767978464882914,4.79761670046728
"2020-03-28 15:04:09",0.787862548871371,4.96594637063753
"2020-03-28 15:07:10",0.761780404140672,5.06947569235008
"2020-03-28 15:10:09",0.770879747244459,4.84948304214115
"2020-03-28 15:13:12",0.76188295052714,5.45952997520299
"2020-03-28 15:16:10",0.77847402896331,5.29588064709909
"2020-03-28 15:19:10",0.693008209791835,5.04488703096239
"2020-03-28 15:22:10",0.769305848569853,4.91480687596377
"2020-03-28 15:25:10",0.776093851603451,5.12154366779207
"2020-03-28 15:28:09",0.74887127040721,4.71564552073028
"2020-03-28 15:31:10",0.770512737057447,4.46850336522058
"2020-03-28 15:34:09",0.759658208751799,4.73140398120582
"2020-03-28 15:37:10",0.777785036782011,4.66672164511903
"2020-03-28 15:40:11",0.758097762142893,4.26781397585326
"2020-03-28 15:43:10",0.761325917800266,4.54026139691543
"2020-03-28 15:46:09",0.781340234926605,4.17143582021904
"2020-03-28 15:49:11",0.782703890609589,4.6935555545196
"2020-03-28 15:52:09",0.769066969959463,4.19980165624098
"2020-03-28 15:55:10",0.754356304740664,4.22686442766601
"2020-03-28 15:58:11",0.772675674080112,4.00132529112204
"2020-03-28 16:01:10",0.742627741513432,3.89730695892996
"2020-03-28 16:04:09",0.797483574617432,4.2763738371718
"2020-03-28 16:07:09",0.774561556347468,3.932655433978
"2020-03-28 16:10:11",0.791094769996127,3.46974844872835
"2020-03-28 16:13:09",0.779586637321384,3.89119299562678
"2020-03-28 16:16:10",0.786148979896811,3.65850419452259
"2020-03-28 16:19:09",0.795824048584185,3.93297484335193
"2020-03-28 16:22:09",0.770508601929038,3.5369085990513
"2020-03-28 16:25:10",0.802051590617371,3.94015291757371
"2020-03-28 16:28:09",0.782919454460343,3.52477621533799
"2020-03-28 16:31:09",0.790292589714498,4.07047030319787
"2020-03-28 16:34:10",0.795924673866677,3.90199303088556
"2020-03-28 16:37:09",0.788390291028471,3.53150355918793
"2020-03-28 16:40:10",0.791996547076638,4.08025898130538
"2020-03-28 16:43:10",0.745217936481067,3.94060605106192
"2020-03-28 16:46:09",0.794053830850792,3.98596811931246
"2020-03-28 16:49:11",0.797961934078512,4.21197716335906
"2020-03-28 16:52:09",0.782858737538606,4.29345197129233
"2020-03-28 16:55:10",0.802004956670549,4.05296586719462
"2020-03-28 16:58:10",0.791234066920717,3.78595155948168
"2020-03-28 17:01:11",0.797490293219852,3.84412124215612
"2020-03-28 17:04:10",0.808751905883836,4.20613909914002
"2020-03-28 17:07:09",0.78472658153483,4.09381232474913
"2020-03-28 17:10:09",0.789304329252842,4.07379549992804
"2020-03-28 17:13:10",0.668108471863499,3.83061269675625
"2020-03-28 17:16:09",0.796985457133905,4.07481364014642
"2020-03-28 17:19:09",0.806602532262835,3.28404918970874
"2020-03-28 17:22:10",0.768378164089648,3.68150773996468
"2020-03-28 17:25:11",0.809772616027192,3.28514957624251
"2020-03-28 17:28:09",0.785399935063286,3.3308599270028
"2020-03-28 17:31:10",0.78143656657087,3.71435629603253
"2020-03-28 17:34:09",0.81195369709075,3.26949049326462
"2020-03-28 17:37:11",0.764267283653788,3.0175846469262
"2020-03-28 17:40:09",0.809776054828827,2.8475380192435
"2020-03-28 17:43:10",0.790480202388334,3.12026974755312
"2020-03-28 17:46:11",0.64027267979462,2.90075551660214
"2020-03-28 17:49:09",0.811644021009358,2.81966310723976
"2020-03-28 17:52:10",0.789558313090182,3.07707927345037
"2020-03-28 17:55:09",0.803304791892387,2.82854439881496
"2020-03-28 17:58:11",0.569702615167174,2.6840264603456
"2020-03-28 18:01:10",0.612431972025879,3.230155780694
"2020-03-28 18:04:09",0.813737316697505,3.13938723155898
"2020-03-28 18:07:10",0.638640006572962,3.33052425311213
"2020-03-28 18:10:10",0.748057751271511,3.39018462108488
"2020-03-28 18:13:09",0.647826276026281,2.83087968284717
"2020-03-28 18:16:10",0.482070272555282,3.08777144739827
"2020-03-28 18:19:10",0.799171430173743,3.03785933876541
"2020-03-28 18:22:09",0.753599638586327,2.94970325390654
"2020-03-28 18:25:09",0.731869041435173,2.89124969319875
"2020-03-28 18:28:09",0.750328038164425,2.78763373477891
"2020-03-28 18:31:10",0.495716071528011,2.64935623043979
"2020-03-28 18:34:09",0.675463225258103,2.84551266523397
"2020-03-28 18:37:09",0.450411681938755,2.79140273630164
"2020-03-28 18:40:10",0.803959011046311,2.93636729402573
"2020-03-28 18:43:11",0.632871389107992,2.790398180627
"2020-03-28 18:46:09",0.405480050637498,2.87118159776607
"2020-03-28 18:49:10",0.782557863504462,2.7191230625967
"2020-03-28 18:52:09",0.670312430761775,2.46919392979063
"2020-03-28 18:55:09",0.779802591438976,2.51814553434845
"2020-03-28 18:58:10",0.73048496209834,2.6571261876971
"2020-03-28 19:01:09",0.554957352555467,2.52478844335366
"2020-03-28 19:04:10",0.744620669985678,2.51126071381483
"2020-03-28 19:07:09",0.604834841873288,2.32615506483245
"2020-03-28 19:10:09",0.748812182479263,2.27708141720364
"2020-03-28 19:13:09",0.506202408441877,2.44476560354856
"2020-03-28 19:16:09",0.617526101434097,2.22030863447747
"2020-03-28 19:19:10",0.693059203914559,2.26085612560432
"2020-03-28 19:22:09",0.592692083242339,2.26600561904379
"2020-03-28 19:25:09",0.80191479079069,2.22297026168869
"2020-03-28 19:28:10",0.613184530547393,2.31887789176819
"2020-03-28 19:31:11",0.586361247921094,2.08361795870179
"2020-03-28 19:34:09",0.772583414488995,2.09945779116241
"2020-03-28 19:37:10",0.739652259867177,2.16638770946208
"2020-03-28 19:40:10",0.799916898603097,2.08948394389407
"2020-03-28 19:43:09",0.594842112405037,2.15063435068784
"2020-03-28 19:46:09",0.663459815730896,2.12559599946081
"2020-03-28 19:49:09",0.812083722957464,2.17240218874627
"2020-03-28 19:52:10",0.709950748842825,2.01991549863571
"2020-03-28 19:55:09",0.796213848407153,2.00337719750031
"2020-03-28 19:58:10",0.552974109088822,2.02577946764625
"2020-03-28 20:01:09",0.775588882871626,1.92175876660396
"2020-03-28 20:04:10",0.733670456873374,1.84789797185993
"2020-03-28 20:07:10",0.759662685489782,1.88507867790317
"2020-03-28 20:10:11",0.81938563420977,1.87881974377513
"2020-03-28 20:13:09",0.678380104024185,1.83087914230468
"2020-03-28 20:16:10",0.802871101811473,1.75161627489097
"2020-03-28 20:19:11",0.801981331864781,1.81137269426847
"2020-03-28 20:22:09",0.693752503305539,1.69862121424368
"2020-03-28 20:25:10",0.789839930312873,1.76819494980027
"2020-03-28 20:28:09",0.779022072626037,1.77666362444898
"2020-03-28 20:31:09",0.608366933166653,1.68359002363811
"2020-03-28 20:34:10",0.809344505579339,1.57992748677003
"2020-03-28 20:37:09",0.697768897460848,1.75958769902078
"2020-03-28 20:40:09",0.780049076560503,1.61478066690694
"2020-03-28 20:43:09",0.790868290861016,1.50993884783381
"2020-03-28 20:46:10",0.788831543778081,1.67718719620507
"2020-03-28 20:49:10",0.759943755898148,1.70857352145151
"2020-03-28 20:52:09",0.746714433353378,1.59322729545521
"2020-03-28 20:55:10",0.810844756122928,1.44050660313136
"2020-03-28 20:58:09",0.766596087538092,1.211680279297
"2020-03-28 21:01:10",0.728582657466712,1.34589326653487
"2020-03-28 21:04:10",0.69045062562716,1.4332857790498
"2020-03-28 21:07:11",0.739772375126903,1.41531707080617
"2020-03-28 21:10:12",0.800545920527395,1.52523424094873
"2020-03-28 21:13:10",0.764797562231284,1.31223660179894
"2020-03-28 21:16:11",0.528887144552396,1.46824012911216
"2020-03-28 21:19:10",0.811883025598315,1.38222289613766
"2020-03-28 21:22:11",0.622329933803932,1.08789377942519
"2020-03-28 21:25:10",0.801266249985063,1.03025861804729
"2020-03-28 21:28:09",0.68436872920439,1.1012821375795
"2020-03-28 21:31:09",0.388563840929353,1.09009925838813
"2020-03-28 21:34:10",0.812456871413653,0.961885220776041
"2020-03-28 21:37:09",0.667026226755978,1.09469509356679
"2020-03-28 21:40:09",0.698914223066455,1.1172404397622
"2020-03-28 21:43:10",0.408376413797487,0.910045162897751
"2020-03-28 21:46:11",0.505256207112579,0.965704578952911
"2020-03-28 21:49:09",0.745038012464466,0.871934457428307
"2020-03-28 21:52:10",0.410447063500595,0.698288665554391
"2020-03-28 21:55:11",0.767424662550101,0.844199286005291
"2020-03-28 21:58:09",0.511668875733201,0.818002289068039
"2020-03-28 22:01:10",0.42548673034119,0.929131141235867
"2020-03-28 22:04:09",0.450859290573514,0.865196347265875
"2020-03-28 22:07:10",0.518376158860128,0.835153127930989
"2020-03-28 22:10:09",0.445718273281585,0.737730627083282
"2020-03-28 22:13:09",0.300705060203131,0.926750485503648
"2020-03-28 22:16:11",0.51122389713032,0.833626277390205
"2020-03-28 22:19:09",0.504547313396003,0.774906800830365
"2020-03-28 22:22:10",0.377897068828166,0.708269460236868
"2020-03-28 22:25:09",0.526608809477054,0.662137621171021
"2020-03-28 22:28:09",0.289804432834159,0.559314673152953
"2020-03-28 22:31:10",0.39521557412288,0.682464894746431
"2020-03-28 22:34:11",0.655690584773802,0.737370410484031
"2020-03-28 22:37:09",0.268645893843167,0.542541900472913
"2020-03-28 22:40:10",0.624845124046775,0.627403274528954
"2020-03-28 22:43:09",0.472796247945995,0.703883692143987
"2020-03-28 22:46:09",0.420511059487481,0.53620783151794
"2020-03-28 22:49:10",0.61323349914537,0.58596621756609
"2020-03-28 22:52:09",0.438980372893776,0.585505085737671
"2020-03-28 22:55:11",0.67209786415954,0.642841563432906
"2020-03-28 22:58:09",0.660487899199548,0.603089256951362
"2020-03-28 23:01:10",0.441342871417985,0.373442187131126
"2020-03-28 23:04:08",0.625776922435566,0.503190616698006
"2020-03-28 23:07:09",0.381029293999369,0.533747962577751
"2020-03-28 23:10:10",0.642200102156634,0.575453914697766
"2020-03-28 23:13:09",0.542185924617963,0.640724926761886
"2020-03-28 23:16:09",0.418459170171171,0.460494658576605
"2020-03-28 23:19:10",0.70802853427298,0.426501081933075
"2020-03-28 23:22:11",0.649739829596425,0.489618166000121
"2020-03-28 23:25:09",0.735443712279463,0.321504550298894
"2020-03-28 23:28:09",0.557775658739825,0.583816092913213
"2020-03-28 23:31:08",0.700874353876117,0.358131733739657
"2020-03-28 23:34:09",0.753152968714504,0.300128124360472
"2020-03-28 23:37:10",0.589004705654935,0.46279414954412
"2020-03-28 23:40:09",0.795136675354218,0.269244692981529
"2020-03-28 23:43:11",0.665916393128752,0.337895990199103
"2020-03-28 23:46:10",0.789994668673562,0.314153452652533
"2020-03-28 23:49:10",0.810827093431412,0.439712490195736
"2020-03-28 23:52:09",0.78752353067927,0.41515532099731
"2020-03-28 23:55:10",0.797583485338887,0.496843591922072
"2020-03-28 23:57:01",0.782243002790883,0.371719783678481
"2020-03-28 23:58:55",0.802094967551307,0.28855443093869
"2020-03-29 00:01:11",0.797963163323684,0.339158984701734
"2020-03-29 00:04:10",0.810162443563085,0.467285936707349
"2020-03-29 00:07:10",0.785972017754889,0.459644546607348
"2020-03-29 00:10:10",0.800687977633915,0.440197496264221
"2020-03-29 00:13:12",0.784917452527364,0.466484248079343
"2020-03-29 00:16:12",0.782626156997531,0.553236606128622
"2020-03-29 00:19:11",0.807606712520009,0.522812558348108
"2020-03-29 00:22:11",0.781545841043313,0.463983307418995
"2020-03-29 00:25:10",0.795779626183547,0.686787823425168
"2020-03-29 00:28:11",0.767424364156573,0.652920079552215
"2020-03-29 00:31:11",0.769151962207423,0.461879956537242
"2020-03-29 00:34:12",0.803414732063794,0.35536768555642
"2020-03-29 00:37:11",0.734270530632353,0.543447176718358
"2020-03-29 00:40:11",0.733591875479022,0.542581891878875
"2020-03-29 00:43:12",0.754061682628332,0.356951764148462
"2020-03-29 00:46:11",0.773317995180296,0.351383281722041
"2020-03-29 00:49:10",0.717901010298878,0.290385446144728
"2020-03-29 00:52:12",0.699718201104305,0.248166588660074
"2020-03-29 00:55:10",0.725634399288093,0.271602030632077
"2020-03-29 00:58:11",0.693064313521648,0.240148911781739
"2020-03-29 01:01:12",0.662595359334817,0.322360325107351
"2020-03-29 01:04:11",0.688984617053204,0.239178124805933
"2020-03-29 01:07:11",0.665113734392875,0.392048384525584
"2020-03-29 01:10:11",0.687241323375379,0.352033170123625
"2020-03-29 01:13:10",0.745630454708223,0.537870036605356
"2020-03-29 01:16:10",0.499868827589001,0.485626961021826
"2020-03-29 01:19:11",0.784685477772735,0.432070918384222
"2020-03-29 01:22:12",0.766788965337022,0.354261685137572
"2020-03-29 01:25:10",0.571096290071408,0.440921382244673
"2020-03-29 01:28:11",0.616612932235747,0.555355404914856
"2020-03-29 01:31:12",0.567641879777528,0.514570578945689
"2020-03-29 01:34:10",0.608644807158408,0.511131041190673
"2020-03-29 01:37:11",0.644257778359904,0.505926315782177
"2020-03-29 01:40:12",0.641119530027467,0.400090369665974
"2020-03-29 01:43:13",0.613355382492808,0.393827453585301
"2020-03-29 01:46:11",0.435494113162069,0.36952182235733
"2020-03-29 01:49:12",0.617289445667782,0.276790772106421
"2020-03-29 01:52:13",0.560233078657789,0.502271737536957
"2020-03-29 01:55:11",0.63886291548771,0.281294631712639
"2020-03-29 01:58:11",0.570372520014706,0.311321968660751
"2020-03-29 02:01:12",0.524696409640458,0.348373218394325
"2020-03-29 02:04:10",0.481960531620302,0.151863011225444
"2020-03-29 02:07:11",0.435384620001052,0.0666580183454497
"2020-03-29 02:10:12",0.451109061623288,0.093844477564494
"2020-03-29 02:13:10",0.660606858416126,0.222926141994595
"2020-03-29 02:16:14",0.481155800737574,0.366850031642486
"2020-03-29 02:19:12",0.657393856348879,0.336604594677483
"2020-03-29 02:22:10",0.528980126924439,0.336033235220332
"2020-03-29 02:25:11",0.65995877504144,0.549631792326778
"2020-03-29 02:28:12",0.644846821058505,0.300091543882288
"2020-03-29 02:31:10",0.600002928050858,0.425215914496031
"2020-03-29 02:34:10",0.686028787612043,0.300732869858349
"2020-03-29 02:37:11",0.608255826667448,0.338069348782428
"2020-03-29 02:40:10",0.625524774668905,0.243742855291153
"2020-03-29 02:43:10",0.594389090812126,0.204374215321938
"2020-03-29 02:46:11",0.488811679737056,0
"2020-03-29 02:49:12",0.714635157446919,0.127438639767911
"2020-03-29 02:52:10",0.651662824975713,0.125418169286503
"2020-03-29 02:55:11",0.66179712435312,0.0247467211753563
"2020-03-29 02:58:10",0.792968596945506,0.174021174430872
"2020-03-29 03:01:10",0.624874098215674,0.0277370669338168
"2020-03-29 03:04:11",0.611931999114294,0.00154052332146781
"2020-03-29 03:07:12",0.672947029051928,0.121506685457881
"2020-03-29 03:10:10",0.728638930902475,0
"2020-03-29 03:13:11",0.791966575509777,0.182159778962388
"2020-03-29 03:16:11",0.684876098693704,0.149137481819836
"2020-03-29 03:19:10",0.808108705282268,0.0555055316143231
"2020-03-29 03:22:10",0.775917256618812,0.00580463924481678
"2020-03-29 03:25:11",0.793718790715248,0.159612110464051
"2020-03-29 03:28:12",0.78880625400121,0.28121307107117
"2020-03-29 03:31:10",0.790651118799188,0.194538978979024
"2020-03-29 03:34:11",0.746098184128474,0.206285519471402
"2020-03-29 03:37:10",0.769950389108413,0.158211946109781
"2020-03-29 03:40:10",0.790060913584297,0.175051292931111
"2020-03-29 03:43:11",0.780423305921845,0.048732739372976
"2020-03-29 03:46:10",0.778627296545477,0
"2020-03-29 03:49:10",0.788714051669514,0.0580553102538119
"2020-03-29 03:52:11",0.77837751966109,0.119558107064683
"2020-03-29 03:55:12",0.791011966335484,0.0780678775378856
"2020-03-29 03:58:10",0.755356916119315,0.0301280782866689
"2020-03-29 04:01:11",0.773708553189896,0.0336443548944605
"2020-03-29 04:04:11",0.788181256852547,0.0138228314780298
"2020-03-29 04:07:13",0.738734663992009,0.0384912962022586
"2020-03-29 04:10:10",0.783562607073675,0.192024286416349
"2020-03-29 04:13:11",0.675135025638172,0.169598687584583
"2020-03-29 04:16:09",0.773803156235827,0
"2020-03-29 04:19:10",0.79091480018175,0
"2020-03-29 04:22:09",0.712496492453074,0.102175628095502
"2020-03-29 04:25:10",0.761730949571443,0.014319581696042
"2020-03-29 04:28:12",0.762314970501833,0.0348963689431561
"2020-03-29 04:31:11",0.72225146126622,0
"2020-03-29 04:34:12",0.777084575206928,0
"2020-03-29 04:37:10",0.744650054838685,0
"2020-03-29 04:40:11",0.774425937095461,0.0743435485299964
"2020-03-29 04:43:12",0.571522999098714,0
"2020-03-29 04:46:10",0.744355631279547,0
"2020-03-29 04:49:11",0.791756679691275,0.0129867667099337
"2020-03-29 04:52:11",0.561363348600531,0.164774333879762
"2020-03-29 04:55:10",0.78557859224462,0.0258249513176074
"2020-03-29 04:58:10",0.677831823971067,0.0195236361313862
"2020-03-29 05:01:10",0.651099067974231,0.00093903324368827
"2020-03-29 05:04:10",0.792582700191311,0.0561259936420111
"2020-03-29 05:07:10",0.669005579783533,0
"2020-03-29 05:10:11",0.776873300159152,0.0831844912129946
"2020-03-29 05:13:10",0.556585103360108,0
"2020-03-29 05:16:10",0.692382420794873,0
"2020-03-29 05:19:11",0.776024505774918,0.0867146655601672
"2020-03-29 05:22:09",0.520131720539641,0.0317460353213717
"2020-03-29 05:25:10",0.766169449613038,0.0698898487206876
"2020-03-29 05:28:11",0.665003096570582,0
"2020-03-29 05:31:12",0.652566347192737,0
"2020-03-29 05:34:10",0.78131358698427,0.136418877112374
"2020-03-29 05:37:11",0.56107631607616,0.109107484656704
"2020-03-29 05:40:11",0.799216579531299,0
"2020-03-29 05:43:10",0.528919596822323,0
"2020-03-29 05:46:10",0.682599291951234,0.00767582348482621
"2020-03-29 05:49:10",0.781241027143697,0
"2020-03-29 05:52:09",0.692969284235639,0.0180950936022242
"2020-03-29 05:55:10",0.689870802368759,0
"2020-03-29 05:58:09",0.579155388611837,0.149784831028125
"2020-03-29 06:01:09",0.582707588904819,0.074476191810158
"2020-03-29 06:04:10",0.740572049927429,0.103491522165576
"2020-03-29 06:07:11",0.696401526304161,0.098332968533374
"2020-03-29 06:10:09",0.657566742547487,0.109491022217382
"2020-03-29 06:13:10",0.423309823726489,0.218303140607367
"2020-03-29 06:16:09",0.649502502325869,0
"2020-03-29 06:19:12",0.678356345678202,0.11147392099775
"2020-03-29 06:22:10",0.490867244460055,0.336393379873817
"2020-03-29 06:25:10",0.661862204627803,0.104496006963655
"2020-03-29 06:28:09",0.780161754616817,0.109741382212907
"2020-03-29 06:31:09",0.563424658620784,0.0529349722989303
"2020-03-29 06:34:10",0.582984343641646,0.15618927824627
"2020-03-29 06:37:09",0.61197780785852,0.176971540814636
"2020-03-29 06:40:10",0.771937888052871,0
"2020-03-29 06:43:10",0.548743352894711,0
"2020-03-29 06:46:11",0.647960326010287,0.159769998115254
"2020-03-29 06:49:09",0.792065187679525,0.0853012891309739
"2020-03-29 06:52:10",0.685108474447844,0.0741203246196862
"2020-03-29 06:55:11",0.784593562190614,0.0583582332385646
"2020-03-29 06:58:09",0.725714932579997,0.183798727103835
"2020-03-29 07:01:10",0.623593762911209,0.0941090672981579
"2020-03-29 07:04:11",0.707134511960459,0.0510205226652818
"2020-03-29 07:07:09",0.656613791384147,0
"2020-03-29 07:10:10",0.753024467101966,0
"2020-03-29 07:13:10",0.552629023354133,0.0016183052275518
"2020-03-29 07:16:09",0.762782584056914,0.00633485159166813
"2020-03-29 07:19:12",0.769754539024517,0
"2020-03-29 07:22:10",0.535421663624101,0.0610909780808737
"2020-03-29 07:25:09",0.770336423689294,0.0192275726483171
"2020-03-29 07:28:09",0.660018560739245,0
"2020-03-29 07:31:10",0.703038198406804,0.0618451053638258
"2020-03-29 07:34:10",0.797993879344766,0
"2020-03-29 07:37:12",0.727106710252923,0.157813939379837
"2020-03-29 07:40:10",0.813145360868903,0.100520435896616
"2020-03-29 07:43:11",0.730221912904794,0.0365126128669524
"2020-03-29 07:46:09",0.652950759915562,0.0379582020065274
"2020-03-29 07:49:10",0.789702771664814,0
"2020-03-29 07:52:11",0.792306752428206,0.0161283470121028
"2020-03-29 07:55:11",0.771980594832071,0
"2020-03-29 07:58:10",0.75153405752594,0
"2020-03-29 08:01:10",0.486629294912158,0
"2020-03-29 08:04:11",0.767569884975603,0.0652358151364374
"2020-03-29 08:07:10",0.670601916189504,0.0218508078738298
"2020-03-29 08:10:10",0.807409937587243,0.0486454933019953
"2020-03-29 08:13:11",0.52686791603988,0.0964523840112839
"2020-03-29 08:16:09",0.701239666117526,0
"2020-03-29 08:19:10",0.785648306040425,0
"2020-03-29 08:22:11",0.624611832807711,0
"2020-03-29 08:25:09",0.806940873255374,0.0776608141281909
"2020-03-29 08:28:10",0.656155481219989,0
"2020-03-29 08:31:11",0.796881781253818,0
"2020-03-29 08:34:09",0.785876114613824,0
"2020-03-29 08:37:10",0.792374963624929,0
"2020-03-29 08:40:10",0.760468406706169,0
"2020-03-29 08:43:11",0.798557124244821,0
"2020-03-29 08:46:09",0.781630685769987,0
"2020-03-29 08:49:10",0.672418437999708,0
"2020-03-29 08:52:11",0.440335692912604,0
"2020-03-29 08:55:09",0.808967673529493,0.00930851677512856
"2020-03-29 08:58:10",0.683932663128559,0
"2020-03-29 09:01:11",0.777546606566718,0
"2020-03-29 09:04:12",0.806968962353037,0
"2020-03-29 09:07:10",0.650454093961262,0
"2020-03-29 09:10:10",0.707546637217099,0
"2020-03-29 09:13:10",0.710704046012963,0
"2020-03-29 09:16:10",0.621808077406887,0
"2020-03-29 09:19:11",0.779757567951909,0.0591457155483168
"2020-03-29 09:22:09",0.599595032519026,0
"2020-03-29 09:25:09",0.761500159915823,0.122744309092969
"2020-03-29 09:28:10",0.644081853193116,0
"2020-03-29 09:31:09",0.490171219494655,0
"2020-03-29 09:34:09",0.783725212777841,0
"2020-03-29 09:37:10",0.401906353679002,0
"2020-03-29 09:40:11",0.690528734528915,0.0647226048529275
"2020-03-29 09:43:12",0.421105437928784,0
"2020-03-29 09:46:10",0.23875348629721,0.153683115718248
"2020-03-29 09:49:11",0.654067623318966,0
"2020-03-29 09:52:09",0.369994594080806,0
"2020-03-29 09:55:10",0.609158131794539,0
"2020-03-29 09:58:11",0.310684107144928,0
"2020-03-29 10:01:10",0.422497589179504,0
"2020-03-29 10:04:09",0.593739106383596,0.116473976844612
"2020-03-29 10:07:09",0.434137297153208,0
"2020-03-29 10:10:11",0.585065963614984,0
"2020-03-29 10:13:09",0.357283758560535,0
"2020-03-29 10:16:10",0.450066683779049,0
"2020-03-29 10:19:10",0.491459494827766,0.142867645602557
"2020-03-29 10:22:09",0.261585749705977,0.307933655206689
"2020-03-29 10:25:10",0.469099407795653,0
"2020-03-29 10:28:09",0.388806864278733,0
"2020-03-29 10:31:10",0.239837447134042,0.129045715930465
"2020-03-29 10:34:10",0.613883213518406,0
"2020-03-29 10:37:11",0.308222833046142,0.179007177313706
"2020-03-29 10:40:09",0.53046068444027,0.243327789567524
"2020-03-29 10:43:09",0.292987929731973,0.0770318944691553
"2020-03-29 10:46:11",0.191896003900042,0.215232179764224
"2020-03-29 10:49:10",0.586812049357339,0.0246796953383419
"2020-03-29 10:52:10",0.332938551399761,0
"2020-03-29 10:55:10",0.501194169241601,0.128357020385448
"2020-03-29 10:58:10",0.423958929371389,0.11526599283461
"2020-03-29 11:01:10",0.455364751406401,0.206981093635075
"2020-03-29 11:04:10",0.478356051542895,0.00555575589175494
"2020-03-29 11:07:10",0.350264513164649,0
"2020-03-29 11:10:10",0.745228336818751,0.128154374838582
"2020-03-29 11:13:10",0.431210217854652,0.0815415455423971
"2020-03-29 11:16:11",0.56159722239475,0.587052469207581
"2020-03-29 11:19:09",0.648141163222478,0.713235512787561
"2020-03-29 11:22:10",0.411812918996153,0.700820923438813
"2020-03-29 11:25:11",0.736733120662257,0.530081874974436
"2020-03-29 11:28:09",0.781188474049449,0.453481187583405
"2020-03-29 11:31:10",0.580987025350022,0.574762611650488
"2020-03-29 11:34:09",0.786953035781889,0.585048539216093
"2020-03-29 11:37:10",0.63993282349828,0.694729939089246
"2020-03-29 11:40:09",0.781923487777896,0.711838917041338
"2020-03-29 11:43:10",0.614787357238814,0.640969463632967
"2020-03-29 11:46:10",0.652924459957182,1.01056081441085
"2020-03-29 11:49:10",0.729669944793308,0.793691453748416
"2020-03-29 11:52:10",0.74490309087228,0.978010864256287
"2020-03-29 11:55:10",0.795064325317937,0.958237058714809
"2020-03-29 11:58:10",0.788727207223768,1.23619728804128
"2020-03-29 12:01:10",0.778553518017908,1.02529398764082
"2020-03-29 12:04:11",0.800290177002575,1.13155914313433
"2020-03-29 12:07:12",0.769479139283929,0.88158476832751
"2020-03-29 12:10:10",0.807956175880673,1.30601774609422
"2020-03-29 12:13:11",0.777075132999484,1.11468077979734
"2020-03-29 12:16:10",0.790450339335167,1.55172992557474
"2020-03-29 12:19:09",0.806657894981703,1.29079804935634
"2020-03-29 12:22:11",0.784991225435022,1.05578151751469
"2020-03-29 12:25:09",0.802830915156848,1.56388855786899
"2020-03-29 12:28:11",0.793050695685847,1.65707762734648
"2020-03-29 12:31:10",0.805121311145991,1.89774019066999
"2020-03-29 12:34:10",0.793377369976515,1.32924678222075
"2020-03-29 12:37:10",0.777124600660734,1.19864294855802
"2020-03-29 12:40:10",0.799148321589208,1.7647122110749
"2020-03-29 12:43:11",0.785426927175933,1.49070100012053
"2020-03-29 12:46:10",0.758530982451615,1.72301746222735
"2020-03-29 12:49:10",0.729429265501973,1.4679788229256
"2020-03-29 12:52:09",0.599336102093894,1.61577552268006
"2020-03-29 12:55:09",0.791122244499474,1.8905074358472
"2020-03-29 12:58:09",0.67032278487774,2.3320429273759
"2020-03-29 13:01:09",0.660088520579691,2.05025061592662
"2020-03-29 13:04:09",0.656681519457741,1.84239271588324
"2020-03-29 13:07:10",0.706750233583548,2.12330229632831
"2020-03-29 13:10:10",0.728983429617865,2.62034405741578
"2020-03-29 13:13:09",0.739233211719794,2.68321763656371
"2020-03-29 13:16:09",0.594989507826479,2.86214791740855
"2020-03-29 13:19:09",0.745696904113603,2.61154025185507
"2020-03-29 13:22:09",0.724213605197378,3.47732482011463
"2020-03-29 13:25:10",0.700931269995352,2.24782818736244
"2020-03-29 13:28:10",0.73156654527391,3.31393297470327
"2020-03-29 13:31:09",0.64439822695437,3.13679814985988
"2020-03-29 13:34:09",0.720815509793055,3.06129126211755
"2020-03-29 13:37:10",0.667806076247767,3.48075605159456
"2020-03-29 13:40:10",0.615813333872445,3.25285816814362
"2020-03-29 13:43:12",0.639835009443708,3.86071578821221
"2020-03-29 13:46:10",0.644285211554766,3.78794842643511
"2020-03-29 13:49:11",0.808895580759788,4.3674508138893
"2020-03-29 13:52:09",0.660720146017675,3.73267445557391
"2020-03-29 13:55:11",0.78070733843664,3.90464634392531
"2020-03-29 13:58:10",0.63519500039199,3.87216148837463
"2020-03-29 14:01:11",0.743383215105605,3.81701839431142
"2020-03-29 14:04:11",0.785229608738451,4.47176957023123
"2020-03-29 14:07:10",0.560045734013345,4.71910673330734
"2020-03-29 14:10:11",0.681602490016221,4.60269882226241
"2020-03-29 14:13:09",0.597752478604024,4.70920643619179
"2020-03-29 14:16:10",0.698186488727922,4.80348239443032
"2020-03-29 14:19:11",0.816185424206127,5.23744470041204
"2020-03-29 14:22:10",0.77266518968986,5.21735988275118
"2020-03-29 14:25:09",0.780632214304196,5.61624396172997
"2020-03-29 14:28:11",0.720338195360371,5.40848723531942
"2020-03-29 14:31:09",0.650929163390468,5.74402125337714
"2020-03-29 14:34:10",0.720051165240722,5.26295296268499
"2020-03-29 14:37:09",0.799219175087473,5.68336602158668
"2020-03-29 14:40:11",0.819942278120372,5.79520357737227
"2020-03-29 14:43:09",0.695073749617987,5.75283627199255
"2020-03-29 14:46:10",0.817866900200974,6.25990714527757
"2020-03-29 14:49:09",0.805558935599274,5.89722720698888
"2020-03-29 14:52:09",0.79299510397322,5.40846102206245
"2020-03-29 14:55:10",0.826688875104059,6.69141212730337
"2020-03-29 14:58:11",0.80250934135176,6.13430068378564
"2020-03-29 15:01:12",0.80928854416609,5.81958743685077
"2020-03-29 15:04:10",0.815860833568189,6.28867396607361
"2020-03-29 15:07:11",0.796862349909793,5.42850243044148
"2020-03-29 15:10:10",0.810377762715442,5.56281571448154
"2020-03-29 15:13:10",0.766628218750242,7.41877624156767
"2020-03-29 15:16:09",0.81681558903602,6.23998900745804
"2020-03-29 15:19:09",0.770808566969063,5.95901643288768
"2020-03-29 15:22:10",0.69009547797015,6.3309566860533
"2020-03-29 15:25:10",0.806030796777138,6.36667927087603
"2020-03-29 15:28:10",0.699849583601281,6.10349716762684
"2020-03-29 15:31:09",0.59633444704369,6.40986444549543
"2020-03-29 15:34:10",0.733194845453072,6.30157336824592
"2020-03-29 15:37:09",0.694142022329052,6.36182857933542
"2020-03-29 15:40:10",0.801577421749809,6.65265774564794
"2020-03-29 15:43:10",0.496078811045024,6.48377515768194
"2020-03-29 15:46:11",0.603460787250635,6.66053118975375
"2020-03-29 15:49:09",0.684165464923792,6.64223323774823
"2020-03-29 15:52:10",0.628675537122501,6.62395121207623
"2020-03-29 15:55:11",0.832256659812495,6.656850395563
"2020-03-29 15:58:09",0.482304102640435,7.21956525690205
"2020-03-29 16:01:09",0.462740694519551,6.94931501496423
"2020-03-29 16:04:09",0.805087896602049,6.7462960969346
"2020-03-29 16:07:09",0.530298008041921,7.12530957173491
"2020-03-29 16:10:10",0.688057800805754,7.41038079375534
"2020-03-29 16:13:09",0.448672029956812,6.92109919534619
"2020-03-29 16:16:10",0.565827869390744,7.23681745429742
"2020-03-29 16:19:09",0.817243736211136,6.83448573754674
"2020-03-29 16:22:10",0.435323854498935,7.67494082805029
"2020-03-29 16:25:09",0.463719605746895,6.79709902893638
"2020-03-29 16:28:10",0.370048686639798,7.36953750130419
"2020-03-29 16:31:10",0.418689874799117,7.71909859172677
"2020-03-29 16:34:11",0.585186379105235,7.36582354942071
"2020-03-29 16:37:10",0.284655382404169,7.10672166330322
"2020-03-29 16:40:10",0.75712638418492,8.04375305526325
"2020-03-29 16:43:11",0.459457940597683,7.81605482503608
"2020-03-29 16:46:10",0.320400640557052,7.38022759387742
"2020-03-29 16:49:10",0.616617032790179,8.37976473487479
"2020-03-29 16:52:11",0.438506556019338,8.12912224498222
"2020-03-29 16:55:10",0.588057284633269,7.7797034204942
"2020-03-29 16:58:10",0.473947978371652,8.23536827159429
"2020-03-29 17:01:10",0.466624787012531,8.21044778692513
"2020-03-29 17:04:10",0.549312769809561,7.64267613611977
"2020-03-29 17:07:10",0.432561263260198,8.14956229886149
"2020-03-29 17:10:10",0.554123381047008,7.97702779771268
"2020-03-29 17:13:11",0.362420383695054,8.69233007949576
"2020-03-29 17:16:09",0.385136517324506,8.29651781003998
"2020-03-29 17:19:10",0.528988829658254,8.52819828801648
"2020-03-29 17:22:11",0.254194927805915,8.25295422044114
"2020-03-29 17:25:09",0.439557381980932,9.07909419657968
"2020-03-29 17:28:10",0.424945792530998,8.35331350125348
"2020-03-29 17:31:11",0.39949317451771,7.93981115473445
"2020-03-29 17:34:09",0.61686935342283,7.85032105008908
"2020-03-29 17:37:09",0.211340875505409,8.2964529095549
"2020-03-29 17:40:09",0.310681873078431,7.90368510094456
"2020-03-29 17:43:10",0.309285628552131,8.33568855039783
"2020-03-29 17:46:10",0.305019702211931,8.3356310894336
"2020-03-29 17:49:09",0.469709360689056,7.72691877432166
"2020-03-29 17:52:09",0.395643919804395,7.73684347982696
"2020-03-29 17:55:09",0.437837338515308,7.99290791604916
"2020-03-29 17:58:10",0.311180519579841,8.02792902662297
"2020-03-29 18:01:10",0.388738773433577,7.5228872301687
"2020-03-29 18:04:09",0.719199021481947,7.93393780458342
"2020-03-29 18:07:10",0.328309130800687,7.76630034608308
"2020-03-29 18:10:09",0.520273521659119,7.34852912366702
"2020-03-29 18:13:10",0.349343554081156,7.81734418997062
"2020-03-29 18:16:10",0.327521046342647,8.13459100822654
"2020-03-29 18:19:10",0.510482365951431,7.30690008699494
"2020-03-29 18:22:10",0.302701631233426,7.76634235966516
"2020-03-29 18:25:10",0.378683554802657,7.32191180845841
"2020-03-29 18:28:10",0.403215492797462,7.97354839333731
"2020-03-29 18:31:10",0.303450046236016,7.14120837834133
"2020-03-29 18:34:09",0.577792210476345,7.49818143556515
"2020-03-29 18:37:13",0.328428685756967,7.6414274300051
"2020-03-29 18:40:11",0.617120741568673,7.76944269841037
"2020-03-29 18:43:09",0.4978729346263,7.66181228546205
"2020-03-29 18:46:10",0.34665946090179,7.46940509431264
"2020-03-29 18:49:11",0.478605451433959,7.34487698620125
"2020-03-29 18:52:09",0.285239313003727,7.43832075368413
"2020-03-29 18:55:10",0.37211729449648,7.09971876444575
"2020-03-29 18:58:11",0.377647392010608,7.15176071569538
"2020-03-29 19:01:10",0.303236440584489,7.06873208822539
"2020-03-29 19:04:10",0.49086114596369,7.18230162909241
"2020-03-29 19:07:09",0.34254613643201,6.06327877488411
"2020-03-29 19:10:11",0.514081827301442,6.68376627510926
"2020-03-29 19:13:10",0.240011849380173,7.07027343343001
"2020-03-29 19:16:10",0.340346909902328,6.52908007905681
"2020-03-29 19:19:10",0.530801612378217,6.79527510958478
"2020-03-29 19:22:09",0.334089925567959,6.28101035526116
"2020-03-29 19:25:10",0.623162774422996,6.56819771338025
"2020-03-29 19:28:10",0.332642043956314,6.26774174552597
"2020-03-29 19:31:11",0.392808053223079,6.13334832645414
"2020-03-29 19:34:10",0.820369370835397,5.66786416802851
"2020-03-29 19:37:11",0.365966029031344,6.55660550747015
"2020-03-29 19:40:09",0.637737299272408,6.4529294596439
"2020-03-29 19:43:10",0.442969343086498,6.13703463680642
"2020-03-29 19:46:11",0.29393131573403,6.28971690287733
"2020-03-29 19:49:09",0.786701972732553,6.74297854766615
"2020-03-29 19:52:10",0.641094566884889,6.32819336448036
"2020-03-29 19:55:09",0.654449641275936,6.48748426562632
"2020-03-29 19:58:10",0.305865237487617,6.14473517394483
"2020-03-29 20:01:09",0.315890238460223,6.0670742010588
"2020-03-29 20:04:10",0.74877868572402,6.06324110172259
"2020-03-29 20:07:09",0.431912067818315,6.02477560113704
"2020-03-29 20:10:10",0.643005109998439,6.24474326351975
"2020-03-29 20:13:10",0.640169521793753,5.8352239756636
"2020-03-29 20:16:11",0.552065045439585,5.23936759961833
"2020-03-29 20:19:10",0.612912762728008,5.48639326424801
"2020-03-29 20:22:10",0.58819619673404,6.01390355731091
"2020-03-29 20:25:09",0.637271885967287,5.78377446041376
"2020-03-29 20:28:10",0.589790336443756,5.37019409674411
"2020-03-29 20:31:10",0.519750966988876,5.41229064499475
"2020-03-29 20:34:09",0.628973530223391,5.46646178865327
"2020-03-29 20:37:10",0.399502992920406,5.5982472330625
"2020-03-29 20:40:09",0.773855888732688,4.98850765242915
"2020-03-29 20:43:09",0.481782393256497,5.465120854011
"2020-03-29 20:46:10",0.534666961265967,5.31939902946596
"2020-03-29 20:49:09",0.868696296907965,5.0242982326014
"2020-03-29 20:52:10",0.579607043688352,5.50918090991143
"2020-03-29 20:55:11",0.74082235360276,5.29064668990071
"2020-03-29 20:58:10",0.451979517218629,4.90544126952952
"2020-03-29 21:01:10",0.662011504240604,5.06337701733338
"2020-03-29 21:04:09",0.668841229418717,5.25512928546375
"2020-03-29 21:07:09",0.480517226551922,4.36607045521949
"2020-03-29 21:10:10",0.381374819921127,4.06342700089062
"2020-03-29 21:13:11",0.754010975926184,4.45647057859326
"2020-03-29 21:16:12",0.427278886746723,4.88630628043895
"2020-03-29 21:19:10",0.71165523489371,3.85385301722873
"2020-03-29 21:22:09",0.348694903104484,4.02463243709992
"2020-03-29 21:25:09",0.57055243102319,4.43460713875039
"2020-03-29 21:28:11",0.311029090817086,3.94659289732254
"2020-03-29 21:31:09",0.398007314554073,4.0348743780448
"2020-03-29 21:34:11",0.690921415710528,3.66222749189113
"2020-03-29 21:37:12",0.220123177780896,3.7442161846062
"2020-03-29 21:40:10",0.410173691507615,3.84576919102456
"2020-03-29 21:43:10",0.386984096276611,3.149977246531
"2020-03-29 21:46:10",0.210437986424141,3.92428646166509
"2020-03-29 21:49:10",0.340851468119895,3.25784578225476
"2020-03-29 21:52:11",0.21802164734459,3.65175100069066
"2020-03-29 21:55:10",0.39361138958188,3.04191743873856
"2020-03-29 21:58:10",0.28119950243625,3.71765081681678
"2020-03-29 22:01:09",0.159355728265244,3.21743712538069
"2020-03-29 22:04:09",0.399244071155755,3.47564670082079
"2020-03-29 22:07:10",0.2289544209064,3.46619425911488
"2020-03-29 22:10:10",0.281317200121383,3.24141584308694
"2020-03-29 22:13:09",0.282367618609069,3.50512456893673
"2020-03-29 22:16:12",0.232687969429232,3.6000614485151
"2020-03-29 22:19:09",0.52820932692491,3.06398962604246
"2020-03-29 22:22:10",0.197176464382903,2.92077779773196
"2020-03-29 22:25:11",0.355207806928009,3.56438111288997
"2020-03-29 22:28:10",0.189304896547857,3.55647117446959
"2020-03-29 22:31:10",0.141923804248789,3.37991659357693
"2020-03-29 22:34:10",0.346187463611731,3.36128543236749
"2020-03-29 22:37:12",0.234237102796737,3.32681757289415
"2020-03-29 22:40:09",0.33421995519421,3.44007976232121
"2020-03-29 22:43:11",0.171807509843185,3.30364259491219
"2020-03-29 22:46:11",0.142325846028429,3.71592943166945
"2020-03-29 22:49:10",0.326882703224588,3.46260745029659
"2020-03-29 22:52:10",0.195476159261525,3.43997739761208
"2020-03-29 22:55:09",0.519558358185185,3.35022141672834
"2020-03-29 22:58:09",0.222411513382344,3.42238054262797
"2020-03-29 23:01:11",0.219347029094035,2.85716648079064
"2020-03-29 23:04:11",0.487403105927969,2.79850273474106
"2020-03-29 23:07:10",0.257190940117195,3.24981581193518
"2020-03-29 23:10:10",0.452859139618651,2.8099412970921
"2020-03-29 23:13:11",0.219534050977148,2.88425815253234
"2020-03-29 23:16:11",0.312332200498765,2.44244681546134
"2020-03-29 23:19:13",0.562836068737576,2.68031805996219
"2020-03-29 23:22:11",0.279884585775845,2.47238480666971
"2020-03-29 23:25:11",0.456970401143073,2.31392845039336
"2020-03-29 23:28:10",0.319500303955933,2.36916462154747
"2020-03-29 23:31:11",0.244763655152754,2.13882219880356
"2020-03-29 23:34:10",0.710219715712081,2.34484799342079
"2020-03-29 23:37:10",0.549204768982265,2.17230923875806
"2020-03-29 23:40:10",0.623207837002272,2.28177219026931
"2020-03-29 23:43:09",0.562351250208446,2.63376411147463
"2020-03-29 23:46:09",0.616748666857505,2.07210382826506
"2020-03-29 23:49:10",0.882531532769858,2.20062205855929
"2020-03-29 23:52:11",0.74404118965552,2.39866198606507
"2020-03-29 23:55:12",0.887576725102638,2.11162748191524
"2020-03-29 23:56:54",0.829726401244066,2.32417381710885
"2020-03-29 23:58:38",0.884701022572856,2.27099373876794
"2020-03-30 00:01:11",0.886840553688475,1.92932085800642
"2020-03-30 00:04:12",0.894711365544562,1.65382847708634
"2020-03-30 00:07:13",0.872113329242794,2.2084175552087
"2020-03-30 00:10:11",0.878042021558148,1.86251388798344
"2020-03-30 00:13:11",0.875943834571392,1.60403354005406
"2020-03-30 00:16:10",0.869241097631412,1.48694724189674
"2020-03-30 00:19:10",0.842710840614192,1.43484572782063
"2020-03-30 00:22:11",0.775170667236633,1.64680128156068
"2020-03-30 00:25:10",0.832973802112252,1.73881951287237
"2020-03-30 00:28:11",0.730643215713354,1.46263564958823
"2020-03-30 00:31:10",0.79156664487208,1.48018933959286
"2020-03-30 00:34:10",0.778352636745497,1.71852823435502
"2020-03-30 00:37:11",0.671541986022108,1.73725001753949
"2020-03-30 00:40:10",0.765866424877276,1.47754637812959
"2020-03-30 00:43:12",0.597644572020992,1.16065662379372
"2020-03-30 00:46:10",0.415520627084728,1.61212825028474
"2020-03-30 00:49:11",0.782312369834511,1.71255501260994
"2020-03-30 00:52:11",0.736158316372071,1.73497983657584
"2020-03-30 00:55:10",0.673487421448196,1.00529816686655
"2020-03-30 00:58:10",0.635846467457587,1.43268412907086
"2020-03-30 01:01:10",0.517426201239773,1.26796196324031
"2020-03-30 01:04:10",0.620731294476659,1.39644064471287
"2020-03-30 01:07:10",0.553600766396457,1.03900791875048
"2020-03-30 01:10:11",0.71919012507215,1.22177694557497
"2020-03-30 01:13:09",0.569377763246863,1.26625205618725
"2020-03-30 01:16:10",0.613238668021708,1.16683443569984
"2020-03-30 01:19:12",0.63153003928596,1.5150994827394
"2020-03-30 01:22:10",0.553689993950588,1.04912998144681
"2020-03-30 01:25:10",0.740347468059251,1.36253058878257
"2020-03-30 01:28:11",0.626087752890853,1.04864770553421
"2020-03-30 01:31:09",0.701984569814036,0.996609473881399
"2020-03-30 01:34:10",0.693535178237969,1.22841565696864
"2020-03-30 01:37:11",0.556690009562403,0.933191833080916
"2020-03-30 01:40:11",0.709870435731768,1.39093541617095
"2020-03-30 01:43:09",0.569115184041269,0.970138931903379
"2020-03-30 01:46:10",0.637574132134242,0.954918458807639
"2020-03-30 01:49:11",0.788945689049008,0.933980866353589
"2020-03-30 01:52:10",0.610474118037026,0.83819371471689
"2020-03-30 01:55:10",0.805682019345778,1.29778596997913
"2020-03-30 01:58:11",0.751420982798604,0.698138962309335
"2020-03-30 02:01:09",0.72299830889797,1.04997591787914
"2020-03-30 02:04:10",0.661414068436746,0.542903557471505
"2020-03-30 02:07:11",0.780472491998261,0.980444853368864
"2020-03-30 02:10:12",0.845358981643016,0.754582814228831
"2020-03-30 02:13:12",0.824564237440788,1.0037439997803
"2020-03-30 02:16:11",0.750303989119325,0.920711613332453
"2020-03-30 02:19:11",0.8212721456943,1.20502325880928
"2020-03-30 02:22:12",0.634629849999536,0.995860234778835
"2020-03-30 02:25:10",0.857920806129111,1.01461262503993
"2020-03-30 02:28:11",0.880340862724382,1.03973758541695
"2020-03-30 02:31:10",0.829909015713203,1.05389060978006
"2020-03-30 02:34:10",0.813413538446897,0.934393996158414
"2020-03-30 02:37:11",0.883250637660986,0.970302063687606
"2020-03-30 02:40:12",0.857302879719299,1.03686753199624
"2020-03-30 02:43:11",0.873748099556496,1.0386687971309
"2020-03-30 02:46:11",0.892907416642587,0.728974505685403
"2020-03-30 02:49:10",0.885137972727558,0.781181503313327
"2020-03-30 02:52:10",0.878568375667673,0.283913858223504
"2020-03-30 02:55:11",0.890406475193059,0.617057509242663
"2020-03-30 02:58:10",0.877048945978653,0.387996555503991
"2020-03-30 03:01:10",0.878712981042359,0.288317568286974
"2020-03-30 03:04:11",0.892717287850562,0.488349868147653
"2020-03-30 03:07:09",0.869670645387233,0.794818298539881
"2020-03-30 03:10:10",0.891963955885562,0.608480742471969
"2020-03-30 03:13:10",0.855629928365055,0.66326084989682
"2020-03-30 03:16:10",0.872447767233315,0.312932667089396
"2020-03-30 03:19:09",0.894038089853969,0.4286910465804
"2020-03-30 03:22:10",0.802789306641514,0.921835810251242
"2020-03-30 03:25:09",0.835674421583561,0.684472255584597
"2020-03-30 03:28:10",0.676875844655638,0.440973277224971
"2020-03-30 03:31:10",0.682183062136232,0.77650746534029
"2020-03-30 03:34:09",0.868281534568532,0.783384119685449
"2020-03-30 03:37:10",0.630684037150306,0.524569635414428
"2020-03-30 03:40:10",0.726775224711024,0.263662800740304
"2020-03-30 03:43:11",0.490242610834991,0
"2020-03-30 03:46:12",0.528896279983155,0.199189601110597
"2020-03-30 03:49:10",0.690513882813634,0.174424821884482
"2020-03-30 03:52:11",0.392435923974934,0.356140426349442
"2020-03-30 03:55:14",0.624357147918684,0.344254926800825
"2020-03-30 03:58:10",0.524543462483604,0.378273868651523
"2020-03-30 04:01:10",0.36949294594927,0.228725613552639
"2020-03-30 04:04:11",0.688826719144467,0.431845472592885
"2020-03-30 04:07:10",0.403846689165233,0.118614195988695
"2020-03-30 04:10:10",0.698200588642604,0.305912162691482
"2020-03-30 04:13:09",0.47612399121838,0.170524103659065
"2020-03-30 04:16:09",0.463308617226689,0.0021277961010997
"2020-03-30 04:19:10",0.633651938307897,0.338737840113496
"2020-03-30 04:22:09",0.35518098720257,0.137251674492584
"2020-03-30 04:25:12",0.58560758619677,0.47402001370149
"2020-03-30 04:28:10",0.350225288365302,0.294338878592467
"2020-03-30 04:31:11",0.467568768420535,0.435515494016137
"2020-03-30 04:34:09",0.571672270429381,0.0639785195598548
"2020-03-30 04:37:10",0.441044146736556,0
"2020-03-30 04:40:10",0.47153836405913,0.161833286299119
"2020-03-30 04:43:09",0.333638539705083,0.195173382580931
"2020-03-30 04:46:10",0.360965921196282,0.286221417042356
"2020-03-30 04:49:11",0.491725331505246,0.231035619546832
"2020-03-30 04:52:11",0.476262198435811,0.271236741618815
"2020-03-30 04:55:10",0.609623765484133,0.337741098051327
"2020-03-30 04:58:10",0.332500116480944,0.179539170600059
"2020-03-30 05:01:09",0.243556890656608,0.0918823404358866
"2020-03-30 05:04:09",0.560833152694206,0.175413668725968
"2020-03-30 05:07:10",0.261621046603972,0.169784097384948
"2020-03-30 05:10:11",0.671177116848325,0.160572260539644
"2020-03-30 05:13:12",0.33107003273832,0.277616669350236
"2020-03-30 05:16:10",0.291834158663072,0.273865835888884
"2020-03-30 05:19:10",0.449534188941674,0
"2020-03-30 05:22:10",0.170848252740155,0.0800363403467099
"2020-03-30 05:25:09",0.435722914072555,0.190388811605449
"2020-03-30 05:28:10",0.219724638543742,0.423701011600267
"2020-03-30 05:31:11",0.240985819588878,0.142421465748397
"2020-03-30 05:34:10",0.612180939441439,0.0796812092962571
"2020-03-30 05:37:10",0.225636841533542,0.492740197895176
"2020-03-30 05:40:09",0.566888311171655,0
"2020-03-30 05:43:09",0.500087498131553,0
"2020-03-30 05:46:11",0.206419204115819,0.205355438217721
"2020-03-30 05:49:11",0.400401581852713,0.0893161920972136
"2020-03-30 05:52:10",0.316036960632727,0
"2020-03-30 05:55:10",0.391457314151438,0.158134590512757
"2020-03-30 05:58:11",0.295886113707674,0.0505840562373225
"2020-03-30 06:01:11",0.238875342372422,0.0275938099331337
"2020-03-30 06:04:10",0.545686657925766,0.102425977905358
"2020-03-30 06:07:11",0.297548860004598,0.230920356163664
"2020-03-30 06:10:11",0.504905783265608,0.245816060655409
"2020-03-30 06:13:09",0.259253089905619,0.185226165326661
"2020-03-30 06:16:10",0.34662615346612,0.0130169463152512
"2020-03-30 06:19:12",0.63686225436871,0.217655095231909
"2020-03-30 06:22:09",0.216599912810364,0.0758038058889425
"2020-03-30 06:25:10",0.433517882796282,0.0243284831318573
"2020-03-30 06:28:11",0.285003016202767,0.159691423195017
"2020-03-30 06:31:10",0.400673296949578,0.00715671839293375
"2020-03-30 06:34:10",0.438085869653509,0.303151051738116
"2020-03-30 06:37:12",0.167874547663085,0.316608566005507
"2020-03-30 06:40:12",0.260621233486215,0
"2020-03-30 06:43:10",0.176213066889065,0.028357015388395
"2020-03-30 06:46:10",0.179132160857505,0.311558213180056
"2020-03-30 06:49:09",0.339982073919317,0.210365423264073
"2020-03-30 06:52:09",0.260868390435731,0
"2020-03-30 06:55:09",0.356873433350433,0.0504099997765735
"2020-03-30 06:58:09",0.231884303561814,0.23756311820728
"2020-03-30 07:01:10",0.265099053513592,0
"2020-03-30 07:04:10",0.325481048207724,0.202438042276775
"2020-03-30 07:07:10",0.246663388939688,0.513229455647196
"2020-03-30 07:10:10",0.264767385439529,0.280918718820455
"2020-03-30 07:13:11",0.261916884153534,0.209188565630799
"2020-03-30 07:16:11",0.178674031044549,0.123024214899048
"2020-03-30 07:19:12",0.342792407652498,0.250185964848056
"2020-03-30 07:22:10",0.275455686884106,0.1891215615115
"2020-03-30 07:25:11",0.285419694310936,0.270185222185324
"2020-03-30 07:28:09",0.239928289360708,0.0505164641179756
"2020-03-30 07:31:10",0.268845351547584,0.263555379305223
"2020-03-30 07:34:10",0.433300444163018,0.0619501621626743
"2020-03-30 07:37:11",0.232514191542356,0.179035309731681
"2020-03-30 07:40:10",0.456354062058259,0.294346743327624
"2020-03-30 07:43:10",0.389750181042247,0.0759108335181755
"2020-03-30 07:46:09",0.324095671454553,0.0883451650180613
"2020-03-30 07:49:10",0.492202488206502,0.0405974789764272
"2020-03-30 07:52:10",0.271756239016123,0.215423275554175
"2020-03-30 07:55:11",0.549343681670684,0.0807476715656259
"2020-03-30 07:58:10",0.46112522031667,0.404327523139633
"2020-03-30 08:01:10",0.359376430899814,0.307451686381662
"2020-03-30 08:04:11",0.700941569946039,0.517547556724525
"2020-03-30 08:07:10",0.390910046147602,0
"2020-03-30 08:10:09",0.442597886414773,0.459077937557458
"2020-03-30 08:13:11",0.44126993835718,0.517285791761007
"2020-03-30 08:16:09",0.286884266703081,0.341015447229528
"2020-03-30 08:19:10",0.459060030845844,0.370140116208878
"2020-03-30 08:22:09",0.296024053932512,0.0925382628316589
"2020-03-30 08:25:11",0.359724874231102,0.297357334194691
"2020-03-30 08:28:10",0.258104229658987,0.354940389156464
"2020-03-30 08:31:10",0.184255830977341,0.154402873119063
"2020-03-30 08:34:12",0.503808479286386,0.00448748432572366
"2020-03-30 08:37:11",0.234904454936646,0.365405792050132
"2020-03-30 08:40:10",0.270898289409622,0.472166213361434
"2020-03-30 08:43:11",0.413332459670816,0.330775573645479
"2020-03-30 08:46:10",0.220859419334355,0.343529284824093
"2020-03-30 08:49:10",0.592399536316398,0.389032740183494
"2020-03-30 08:52:11",0.256719568967417,0.2966111587675
"2020-03-30 08:55:11",0.211425399716201,0.25395165939376
"2020-03-30 08:58:10",0.378423598789253,0.486697347122004
"2020-03-30 09:22:11",0.194870754487761,0.658306250430874
"2020-03-30 09:26:42",0.144383570319082,0.319805307656283
